Dt,Brand,BettypeId,EventId,leagueName,ClassName,CountryName,ProdType,IsSettled,ChannelId,IsByBookingCode,IsBB,IsFirstBB,BBType,ActivesCount,OrdersCount,BetAmount,WinAmount,TotalSelections,BetAmountUSD,WinAmountUSD,orderPayOut,orderPayOutUSD,isBrandWithBB,ActivesCountByDateBrand,OrdersCountByDateBrand,SelectionCountByDateBrand,ActivesCountByDateBrandLeagueName,OrdersCountByDateBrandLeagueName,SelectionCountByDateBrandLeagueName,ActivesCountByDateBrandBettypeId,OrdersCountByDateBrandBettypeId,SelectionCountByDateBrandBettypeId,ActivesCountByDateBrandEventId,OrdersCountByDateBrandEventId,SelectionCountByDateBrandEventId,ActivesCountByDateBrandIsBB,OrdersCountByDateBrandIsBB,SelectionCountByDateBrandIsBB,ActivesCountByDateBrandBBTypeProdType,OrdersCountByDateBrandBBTypeProdType,SelectionCountByDateBrandBBTypeProdType,ActivesCountByDateBrandProdType,OrdersCountByDateBrandProdType,SelectionCountByDateBrandProdType,ActivesCountByDateBrandIsBBClassNameProdType,OrdersCountByDateBrandIsBBClassNameProdType,SelectionCountByDateBrandIsBBClassNameProdType,ActivesCountByDateBrandIsBBProdType,OrdersCountByDateBrandIsBBProdType,SelectionCountByDateBrandIsBBProdType
2026-04-29,WinnerBetCongo,310310,369923652,Kolmonen,Soccer,Finland,1,true,4,false,false,false,0,2,2,71.42857142857143,0.0,28,0.029761904761904764,0.0,0.0,0.0,false,17,19,19,17,19,19,4,4,4,17,19,19,17,19,19,17,19,19,17,19,19,17,19,19,17,19,19
2026-04-29,WinnerBetCongo,310310,369923652,Kolmonen,Soccer,Finland,1,true,3,true,false,false,0,1,1,22.727272727272727,0.0,22,0.00946969696969697,0.0,0.0,0.0,false,17,19,19,17,19,19,4,4,4,17,19,19,17,19,19,17,19,19,17,19,19,17,19,19,17,19,19
2026-04-29,WinnerBetCongo,310310,369923652,Kolmonen,Soccer,Finland,1,true,1,false,false,false,0,1,1,17.857142857142858,0.0,28,0.007440476190476191,0.0,0.0,0.0,false,17,19,19,17,19,19,4,4,4,17,19,19,17,19,19,17,19,19,17,19,19,17,19,19,17,19,19
2026-04-29,WinnerBetCongo,343310,369923652,Kolmonen,Soccer,Finland,1,true,4,true,false,false,0,1,1,50.0,0.0,10,0.020833333333333332,0.0,0.0,0.0,false,17,19,19,17,19,19,2,2,2,17,19,19,17,19,19,17,19,19,17,19,19,17,19,19,17,19,19
2026-04-29,WinnerBetCongo,343310,369923652,Kolmonen,Soccer,Finland,1,true,4,false,false,false,0,1,1,50.0,0.0,10,0.020833333333333332,0.0,0.0,0.0,false,17,19,19,17,19,19,2,2,2,17,19,19,17,19,19,17,19,19,17,19,19,17,19,19,17,19,19
2026-04-29,WinnerBetCongo,346310,369923652,Kolmonen,Soccer,Finland,1,true,4,false,false,false,0,3,3,110.71428571428572,0.0,44,0.046130952380952384,0.0,0.0,0.0,false,17,19,19,17,19,19,4,4,4,17,19,19,17,19,19,17,19,19,17,19,19,17,19,19,17,19,19
2026-04-29,WinnerBetCongo,346310,369923652,Kolmonen,Soccer,Finland,1,true,3,false,false,false,0,1,1,116.66666666666667,0.0,6,0.04861111111111111,0.0,0.0,0.0,false,17,19,19,17,19,19,4,4,4,17,19,19,17,19,19,17,19,19,17,19,19,17,19,19,17,19,19
2026-04-29,WinnerBetCongo,356310,369923652,Kolmonen,Soccer,Finland,1,true,4,false,false,false,0,4,4,116.01307189542483,0.0,69,0.04833877995642701,0.0,0.0,0.0,false,17,19,19,17,19,19,4,4,4,17,19,19,17,19,19,17,19,19,17,19,19,17,19,19,17,19,19
2026-04-29,WinnerBetCongo,3202310,369923652,Kolmonen,Soccer,Finland,1,true,4,false,false,false,0,1,1,125.0,0.0,4,0.052083333333333336,0.0,0.0,0.0,false,17,19,19,17,19,19,1,1,1,17,19,19,17,19,19,17,19,19,17,19,19,17,19,19,17,19,19
2026-04-29,WinnerBetCongo,3570310,369923652,Kolmonen,Soccer,Finland,1,true,4,false,false,false,0,1,1,100.0,2044.9382716049386,5,0.041666666666666664,0.8520576131687244,10100.0,4.208333333333333,false,17,19,19,17,19,19,2,2,2,17,19,19,17,19,19,17,19,19,17,19,19,17,19,19,17,19,19
2026-04-29,WinnerBetCongo,3570310,369923652,Kolmonen,Soccer,Finland,1,true,4,true,false,false,0,1,1,55.55555555555556,0.0,9,0.02314814814814815,0.0,0.0,0.0,false,17,19,19,17,19,19,2,2,2,17,19,19,17,19,19,17,19,19,17,19,19,17,19,19,17,19,19
2026-04-29,WinnerBetCongo,3574310,369923652,Kolmonen,Soccer,Finland,1,true,3,false,false,false,0,1,1,23.80952380952381,0.0,21,0.00992063492063492,0.0,0.0,0.0,false,17,19,19,17,19,19,1,2,2,17,19,19,17,19,19,17,19,19,17,19,19,17,19,19,17,19,19
2026-04-29,WinnerBetCongo,3574310,369923652,Kolmonen,Soccer,Finland,1,true,3,true,false,false,0,1,1,20.0,0.0,25,0.008333333333333333,0.0,0.0,0.0,false,17,19,19,17,19,19,1,2,2,17,19,19,17,19,19,17,19,19,17,19,19,17,19,19,17,19,19
2026-05-04,BetWinWins,310310,361301237,Premier League,Soccer,England,1,true,4,false,false,false,0,2,2,71.77033492822966,0.0,30,0.009659533637715972,0.0,0.0,0.0,false,30,34,34,4,4,4,19,19,19,4,4,4,30,34,34,29,33,33,29,33,33,29,33,33,29,33,33
2026-05-04,BetWinWins,310310,371169554,Botola,Soccer,Morocco,1,true,2,false,false,false,0,1,1,90.9090909090909,0.0,11,0.01223540927444023,0.0,0.0,0.0,false,30,34,34,26,30,30,19,19,19,26,30,30,30,34,34,29,33,33,29,33,33,29,33,33,29,33,33
2026-05-04,BetWinWins,310310,371169554,Botola,Soccer,Morocco,1,true,4,false,false,false,0,16,16,800.4528804528803,0.0,218,0.10773255456970127,0.0,0.0,0.0,false,30,34,34,26,30,30,19,19,19,26,30,30,30,34,34,29,33,33,29,33,33,29,33,33,29,33,33
2026-05-04,BetWinWins,342310,371169554,Botola,Soccer,Morocco,1,true,4,false,false,false,0,1,1,100.0,0.0,5,0.013458950201884253,0.0,0.0,0.0,false,30,34,34,26,30,30,1,1,1,26,30,30,30,34,34,29,33,33,29,33,33,29,33,33,29,33,33
2026-05-04,BetWinWins,343310,371169554,Botola,Soccer,Morocco,1,true,2,true,false,false,0,1,1,38.46153846153846,0.0,26,0.00517651930841702,0.0,0.0,0.0,false,30,34,34,26,30,30,2,2,2,26,30,30,30,34,34,29,33,33,29,33,33,29,33,33,29,33,33
2026-05-04,BetWinWins,343310,371169554,Botola,Soccer,Morocco,1,true,4,false,false,false,0,1,1,100.0,0.0,5,0.013458950201884253,0.0,0.0,0.0,false,30,34,34,26,30,30,2,2,2,26,30,30,30,34,34,29,33,33,29,33,33,29,33,33,29,33,33
2026-05-04,BetWinWins,346310,371169554,Botola,Soccer,Morocco,1,true,2,true,false,false,0,1,1,83.33333333333333,0.0,12,0.011215791834903543,0.0,0.0,0.0,false,30,34,34,26,30,30,1,1,1,26,30,30,30,34,34,29,33,33,29,33,33,29,33,33,29,33,33
2026-05-04,BetWinWins,356310,361301237,Premier League,Soccer,England,1,true,4,false,false,false,0,2,2,25.353016688061615,0.0,79,0.003456217423141566,0.0,0.0,0.0,false,30,34,34,4,4,4,7,9,9,4,4,4,30,34,34,29,33,33,29,33,33,29,33,33,29,33,33
2026-05-04,BetWinWins,356310,371169554,Botola,Soccer,Morocco,1,true,4,false,false,false,0,5,7,340.4491341991342,454.44705882352935,115,0.045871508714363865,0.06116380334098645,1201.76,0.1617442799461642,false,30,34,34,26,30,30,7,9,9,26,30,30,30,34,34,29,33,33,29,33,33,29,33,33,29,33,33
2026-05-04,BetWinWins,3569310,371169554,Botola,Soccer,Morocco,1,true,4,false,false,false,0,1,1,22.727272727272727,0.0,22,0.0030588523186100575,0.0,0.0,0.0,false,30,34,34,26,30,30,1,1,1,26,30,30,30,34,34,29,33,33,29,33,33,29,33,33,29,33,33
2026-05-04,BetWinWins,3827311,371169554,Botola,Soccer,Morocco,2,true,4,false,false,false,0,1,1,100.0,0.0,5,0.013458950201884253,0.0,0.0,0.0,false,30,34,34,26,30,30,1,1,1,26,30,30,30,34,34,1,1,1,1,1,1,1,1,1,1,1,1
2026-05-24,BwinnersGambia,-1,361061695,Serie A,Soccer,Italy,1,true,3,true,true,false,1,1,1,12.5,0.0,16,0.16990621177110238,0.0,0.0,0.0,true,174,576,576,174,576,576,2,2,2,174,576,576,11,13,13,11,13,13,174,576,576,11,13,13,11,13,13
2026-05-24,BwinnersGambia,-1,361061695,Serie A,Soccer,Italy,1,true,3,true,true,true,1,1,1,8.333333333333334,0.0,12,0.11327080784740158,0.0,0.0,0.0,true,174,576,576,174,576,576,2,2,2,174,576,576,11,13,13,11,13,13,174,576,576,11,13,13,11,13,13
2026-05-24,BwinnersGambia,32311,361061695,Serie A,Soccer,Italy,1,true,3,false,false,false,0,1,1,54.54545454545455,0.0,11,0.741408924092083,0.0,0.0,0.0,true,174,576,576,174,576,576,1,1,1,174,576,576,174,563,563,174,563,563,174,576,576,174,563,563,174,563,563
2026-05-24,BwinnersGambia,310310,361061695,Serie A,Soccer,Italy,1,true,3,true,true,true,1,2,2,29.166666666666668,0.0,28,0.39644782746590557,0.0,0.0,0.0,true,174,576,576,174,576,576,141,341,341,174,576,576,11,13,13,11,13,13,174,576,576,11,13,13,11,13,13
2026-05-24,BwinnersGambia,310310,361061695,Serie A,Soccer,Italy,1,true,3,false,false,false,0,90,212,10716.502605828926,0.0,2085,145.66402889532316,0.0,0.0,0.0,true,174,576,576,174,576,576,141,341,341,174,576,576,174,563,563,174,563,563,174,576,576,174,563,563,174,563,563
2026-05-24,BwinnersGambia,310310,361061695,Serie A,Soccer,Italy,1,true,3,true,false,false,0,57,125,4863.435026918387,0.0,1172,66.10622572948736,0.0,0.0,0.0,true,174,576,576,174,576,576,141,341,341,174,576,576,174,563,563,174,563,563,174,576,576,174,563,563,174,563,563
2026-05-24,BwinnersGambia,310310,361061695,Serie A,Soccer,Italy,1,true,3,true,true,false,1,2,2,46.753246753246756,0.0,18,0.6354933635074997,0.0,0.0,0.0,true,174,576,576,174,576,576,141,341,341,174,576,576,11,13,13,11,13,13,174,576,576,11,13,13,11,13,13
2026-05-24,BwinnersGambia,342310,361061695,Serie A,Soccer,Italy,1,true,3,false,false,false,0,3,4,466.66666666666663,0.0,17,6.343165239454488,0.0,0.0,0.0,true,174,576,576,174,576,576,3,4,4,174,576,576,174,563,563,174,563,563,174,576,576,174,563,563,174,563,563
2026-05-24,BwinnersGambia,343310,361061695,Serie A,Soccer,Italy,1,true,3,true,false,false,0,1,1,33.333333333333336,0.0,6,0.4530832313896063,0.0,0.0,0.0,true,174,576,576,174,576,576,10,11,11,174,576,576,174,563,563,174,563,563,174,576,576,174,563,563,174,563,563
2026-05-24,BwinnersGambia,343310,361061695,Serie A,Soccer,Italy,1,true,3,true,true,true,1,1,1,30.0,0.0,5,0.40777490825064566,0.0,0.0,0.0,true,174,576,576,174,576,576,10,11,11,174,576,576,11,13,13,11,13,13,174,576,576,11,13,13,11,13,13
2026-05-24,BwinnersGambia,343310,361061695,Serie A,Soccer,Italy,1,true,3,false,false,false,0,8,9,268.44155844155847,0.0,67,3.6487910621388946,0.0,0.0,0.0,true,174,576,576,174,576,576,10,11,11,174,576,576,174,563,563,174,563,563,174,576,576,174,563,563,174,563,563
2026-05-24,BwinnersGambia,346310,361061695,Serie A,Soccer,Italy,1,true,3,true,false,false,0,17,21,708.6628618965576,234.69613259668498,256,9.632497783016959,3.1901064645464863,2655.0,36.088079380182144,true,174,576,576,174,576,576,32,37,37,174,576,576,174,563,563,174,563,563,174,576,576,174,563,563,174,563,563
2026-05-24,BwinnersGambia,346310,361061695,Serie A,Soccer,Italy,1,true,3,false,false,false,0,12,13,210.30830716124836,94.07725321888407,178,2.8586150219008886,1.278744776660107,1370.0,18.62172081011282,true,174,576,576,174,576,576,32,37,37,174,576,576,174,563,563,174,563,563,174,576,576,174,563,563,174,563,563
2026-05-24,BwinnersGambia,346310,361061695,Serie A,Soccer,Italy,1,true,3,true,true,true,1,1,1,12.5,0.0,12,0.16990621177110238,0.0,0.0,0.0,true,174,576,576,174,576,576,32,37,37,174,576,576,11,13,13,11,13,13,174,576,576,11,13,13,11,13,13
2026-05-24,BwinnersGambia,346310,361061695,Serie A,Soccer,Italy,1,true,3,true,true,false,1,2,2,33.0,0.0,30,0.4485523990757102,0.0,0.0,0.0,true,174,576,576,174,576,576,32,37,37,174,576,576,11,13,13,11,13,13,174,576,576,11,13,13,11,13,13
2026-05-24,BwinnersGambia,355310,361061695,Serie A,Soccer,Italy,1,true,3,true,false,false,0,2,2,70.83333333333334,0.0,14,0.9628018667029135,0.0,0.0,0.0,true,174,576,576,174,576,576,4,4,4,174,576,576,174,563,563,174,563,563,174,576,576,174,563,563,174,563,563
2026-05-24,BwinnersGambia,355310,361061695,Serie A,Soccer,Italy,1,true,3,false,false,false,0,2,2,40.75,0.0,26,0.5538942503737937,0.0,0.0,0.0,true,174,576,576,174,576,576,4,4,4,174,576,576,174,563,563,174,563,563,174,576,576,174,563,563,174,563,563
2026-05-24,BwinnersGambia,356310,361061695,Serie A,Soccer,Italy,1,true,3,false,false,false,0,49,68,2056.726428527899,1046.924733620694,874,27.95604768965473,14.230321239917005,5815.0,79.04036971591682,true,174,576,576,174,576,576,88,126,126,174,576,576,174,563,563,174,563,563,174,576,576,174,563,563,174,563,563
2026-05-24,BwinnersGambia,356310,361061695,Serie A,Soccer,Italy,1,true,3,true,false,false,0,41,55,2261.299382013164,713.807453416149,784,30.736704934255325,9.70242562751324,7085.0,96.30284083186082,true,174,576,576,174,576,576,88,126,126,174,576,576,174,563,563,174,563,563,174,576,576,174,563,563,174,563,563
2026-05-24,BwinnersGambia,356310,361061695,Serie A,Soccer,Italy,1,true,3,true,true,false,1,2,2,16.233766233766236,0.0,36,0.22065741788454854,0.0,0.0,0.0,true,174,576,576,174,576,576,88,126,126,174,576,576,11,13,13,11,13,13,174,576,576,11,13,13,11,13,13
2026-05-24,BwinnersGambia,356310,361061695,Serie A,Soccer,Italy,1,true,3,true,true,true,1,1,1,14.285714285714286,0.0,21,0.19417852773840272,0.0,0.0,0.0,true,174,576,576,174,576,576,88,126,126,174,576,576,11,13,13,11,13,13,174,576,576,11,13,13,11,13,13
2026-05-24,BwinnersGambia,3207310,361061695,Serie A,Soccer,Italy,1,true,3,false,false,false,0,5,6,339.1666666666667,0.0,28,4.6101218793892444,0.0,0.0,0.0,true,174,576,576,174,576,576,9,10,10,174,576,576,174,563,563,174,563,563,174,576,576,174,563,563,174,563,563
2026-05-24,BwinnersGambia,3207310,361061695,Serie A,Soccer,Italy,1,true,3,true,false,false,0,4,4,361.66666666666663,0.0,16,4.915953060577229,0.0,0.0,0.0,true,174,576,576,174,576,576,9,10,10,174,576,576,174,563,563,174,563,563,174,576,576,174,563,563,174,563,563
2026-05-24,BwinnersGambia,3236310,361061695,Serie A,Soccer,Italy,1,true,3,false,false,false,0,1,1,15.384615384615385,0.0,13,0.20911533756443368,0.0,0.0,0.0,true,174,576,576,174,576,576,1,1,1,174,576,576,174,563,563,174,563,563,174,576,576,174,563,563,174,563,563
2026-05-24,BwinnersGambia,3284310,361061695,Serie A,Soccer,Italy,1,true,3,false,false,false,0,3,3,58.5,0.0,55,0.7951610710887591,0.0,0.0,0.0,true,174,576,576,174,576,576,5,7,7,174,576,576,174,563,563,174,563,563,174,576,576,174,563,563,174,563,563
2026-05-24,BwinnersGambia,3284310,361061695,Serie A,Soccer,Italy,1,true,3,true,false,false,0,3,4,37.45259642318466,0.0,84,0.5090743023404194,0.0,0.0,0.0,true,174,576,576,174,576,576,5,7,7,174,576,576,174,563,563,174,563,563,174,576,576,174,563,563,174,563,563
2026-05-24,BwinnersGambia,3327310,361061695,Serie A,Soccer,Italy,1,true,3,true,false,false,0,1,1,10.0,0.0,15,0.1359249694168819,0.0,0.0,0.0,true,174,576,576,174,576,576,2,2,2,174,576,576,174,563,563,174,563,563,174,576,576,174,563,563,174,563,563
2026-05-24,BwinnersGambia,3327310,361061695,Serie A,Soccer,Italy,1,true,3,false,false,false,0,1,1,18.75,0.0,16,0.25485931765665354,0.0,0.0,0.0,true,174,576,576,174,576,576,2,2,2,174,576,576,174,563,563,174,563,563,174,576,576,174,563,563,174,563,563
2026-05-24,BwinnersGambia,3569310,361061695,Serie A,Soccer,Italy,1,true,3,true,false,false,0,8,11,436.64835164835165,0.0,127,5.935141384373409,0.0,0.0,0.0,true,174,576,576,174,576,576,18,22,22,174,576,576,174,563,563,174,563,563,174,576,576,174,563,563,174,563,563
2026-05-24,BwinnersGambia,3569310,361061695,Serie A,Soccer,Italy,1,true,3,false,false,false,0,10,11,645.1262626262626,0.0,117,8.768876751750208,0.0,0.0,0.0,true,174,576,576,174,576,576,18,22,22,174,576,576,174,563,563,174,563,563,174,576,576,174,563,563,174,563,563
2026-05-24,BwinnersGambia,3570310,361061695,Serie A,Soccer,Italy,1,true,3,false,false,false,0,1,1,40.0,0.0,5,0.5436998776675276,0.0,0.0,0.0,true,174,576,576,174,576,576,2,2,2,174,576,576,174,563,563,174,563,563,174,576,576,174,563,563,174,563,563
2026-05-24,BwinnersGambia,3570310,361061695,Serie A,Soccer,Italy,1,true,3,true,false,false,0,1,1,25.833333333333332,0.0,6,0.35113950432694485,0.0,0.0,0.0,true,174,576,576,174,576,576,2,2,2,174,576,576,174,563,563,174,563,563,174,576,576,174,563,563,174,563,563
2026-05-24,BwinnersGambia,3574310,361061695,Serie A,Soccer,Italy,1,true,3,true,false,false,0,2,2,83.33333333333334,53.097345132743406,27,1.1327080784740158,0.721725501328577,3000.0,40.77749082506457,true,174,576,576,174,576,576,4,5,5,174,576,576,174,563,563,174,563,563,174,576,576,174,563,563,174,563,563
2026-05-24,BwinnersGambia,3574310,361061695,Serie A,Soccer,Italy,1,true,3,false,false,false,0,2,3,117.5925925925926,269.10256410256426,57,1.5983769551800002,3.6577757795645547,10495.0,142.65325540301754,true,174,576,576,174,576,576,4,5,5,174,576,576,174,563,563,174,563,563,174,576,576,174,563,563,174,563,563
2026-05-24,BwinnersGambia,399991310,361061695,Serie A,Soccer,Italy,1,true,3,true,false,false,0,1,1,8.695652173913043,0.0,23,0.1181956255798973,0.0,0.0,0.0,true,174,576,576,174,576,576,1,1,1,174,576,576,174,563,563,174,563,563,174,576,576,174,563,563,174,563,563
2026-06-20,WinnerBetCongo,310310,370885982,"Carioca, Serie A2",Soccer,Brazil,1,true,3,true,false,false,0,7,7,3141.053391053391,0.0,66,1.3087722462722464,0.0,0.0,0.0,false,119,204,204,90,155,155,16,18,18,90,155,155,119,204,204,119,204,204,119,204,204,119,204,204,119,204,204
2026-06-20,WinnerBetCongo,310310,370885982,"Carioca, Serie A2",Soccer,Brazil,1,true,3,false,false,false,0,2,2,933.3333333333333,0.0,11,0.38888888888888884,0.0,0.0,0.0,false,119,204,204,90,155,155,16,18,18,90,155,155,119,204,204,119,204,204,119,204,204,119,204,204,119,204,204
2026-06-20,WinnerBetCongo,310310,371001004,"Chinese Super League, Women",Soccer,China,1,true,3,false,false,false,0,1,2,685.7142857142858,0.0,12,0.2857142857142857,0.0,0.0,0.0,false,119,204,204,41,49,49,16,18,18,41,49,49,119,204,204,119,204,204,119,204,204,119,204,204,119,204,204
2026-06-20,WinnerBetCongo,310310,371001004,"Chinese Super League, Women",Soccer,China,1,true,3,true,false,false,0,7,7,3515.8312447786134,0.0,57,1.4649296853244222,0.0,0.0,0.0,false,119,204,204,41,49,49,16,18,18,41,49,49,119,204,204,119,204,204,119,204,204,119,204,204,119,204,204
2026-06-20,WinnerBetCongo,342310,370885982,"Carioca, Serie A2",Soccer,Brazil,1,true,3,false,false,false,0,2,3,1500.0,0.0,14,0.625,0.0,0.0,0.0,false,119,204,204,90,155,155,2,3,3,90,155,155,119,204,204,119,204,204,119,204,204,119,204,204,119,204,204
2026-06-20,WinnerBetCongo,343310,370885982,"Carioca, Serie A2",Soccer,Brazil,1,true,3,false,false,false,0,4,4,1384.199134199134,0.0,29,0.5767496392496393,0.0,0.0,0.0,false,119,204,204,90,155,155,14,14,14,90,155,155,119,204,204,119,204,204,119,204,204,119,204,204,119,204,204
2026-06-20,WinnerBetCongo,343310,370885982,"Carioca, Serie A2",Soccer,Brazil,1,true,3,true,false,false,0,2,2,555.5555555555555,0.0,15,0.23148148148148145,0.0,0.0,0.0,false,119,204,204,90,155,155,14,14,14,90,155,155,119,204,204,119,204,204,119,204,204,119,204,204,119,204,204
2026-06-20,WinnerBetCongo,343310,371001004,"Chinese Super League, Women",Soccer,China,1,true,3,true,false,false,0,5,5,2583.3333333333335,0.0,39,1.0763888888888888,0.0,0.0,0.0,false,119,204,204,41,49,49,14,14,14,41,49,49,119,204,204,119,204,204,119,204,204,119,204,204,119,204,204
2026-06-20,WinnerBetCongo,343310,371001004,"Chinese Super League, Women",Soccer,China,1,true,3,false,false,false,0,3,3,781.8181818181818,0.0,26,0.32575757575757575,0.0,0.0,0.0,false,119,204,204,41,49,49,14,14,14,41,49,49,119,204,204,119,204,204,119,204,204,119,204,204,119,204,204
2026-06-20,WinnerBetCongo,344310,370885982,"Carioca, Serie A2",Soccer,Brazil,1,true,3,false,false,false,0,1,1,1166.6666666666667,0.0,3,0.48611111111111116,0.0,0.0,0.0,false,119,204,204,90,155,155,1,1,1,90,155,155,119,204,204,119,204,204,119,204,204,119,204,204,119,204,204
2026-06-20,WinnerBetCongo,346310,370885982,"Carioca, Serie A2",Soccer,Brazil,1,true,3,true,false,false,0,1,1,95.23809523809524,0.0,21,0.03968253968253968,0.0,0.0,0.0,false,119,204,204,90,155,155,11,15,15,90,155,155,119,204,204,119,204,204,119,204,204,119,204,204,119,204,204
2026-06-20,WinnerBetCongo,346310,370885982,"Carioca, Serie A2",Soccer,Brazil,1,true,3,false,false,false,0,4,6,1388.8888888888891,0.0,63,0.5787037037037037,0.0,0.0,0.0,false,119,204,204,90,155,155,11,15,15,90,155,155,119,204,204,119,204,204,119,204,204,119,204,204,119,204,204
2026-06-20,WinnerBetCongo,346310,371001004,"Chinese Super League, Women",Soccer,China,1,true,3,true,false,false,0,5,5,871.6153127917834,0.0,67,0.36317304699657643,0.0,0.0,0.0,false,119,204,204,41,49,49,11,15,15,41,49,49,119,204,204,119,204,204,119,204,204,119,204,204,119,204,204
2026-06-20,WinnerBetCongo,346310,371001004,"Chinese Super League, Women",Soccer,China,1,true,3,false,false,false,0,2,3,579.3650793650793,0.0,37,0.2414021164021164,0.0,0.0,0.0,false,119,204,204,41,49,49,11,15,15,41,49,49,119,204,204,119,204,204,119,204,204,119,204,204,119,204,204
2026-06-20,WinnerBetCongo,356310,370885982,"Carioca, Serie A2",Soccer,Brazil,1,true,3,true,false,false,0,7,8,3529.761904761905,0.0,67,1.4707341269841272,0.0,0.0,0.0,false,119,204,204,90,155,155,34,41,41,90,155,155,119,204,204,119,204,204,119,204,204,119,204,204,119,204,204
2026-06-20,WinnerBetCongo,356310,370885982,"Carioca, Serie A2",Soccer,Brazil,1,true,3,false,false,false,0,9,13,4425.270562770563,0.0,132,1.8438627344877345,0.0,0.0,0.0,false,119,204,204,90,155,155,34,41,41,90,155,155,119,204,204,119,204,204,119,204,204,119,204,204,119,204,204
2026-06-20,WinnerBetCongo,356310,371001004,"Chinese Super League, Women",Soccer,China,1,true,3,true,false,false,0,12,12,4437.792669595402,170.07874015748033,147,1.8490802789980842,0.07086614173228346,900.0,0.375,false,119,204,204,41,49,49,34,41,41,41,49,49,119,204,204,119,204,204,119,204,204,119,204,204,119,204,204
2026-06-20,WinnerBetCongo,356310,371001004,"Chinese Super League, Women",Soccer,China,1,true,3,false,false,false,0,7,8,5621.103896103896,0.0,76,2.3421266233766236,0.0,0.0,0.0,false,119,204,204,41,49,49,34,41,41,41,49,49,119,204,204,119,204,204,119,204,204,119,204,204,119,204,204
2026-06-20,WinnerBetCongo,3207310,370885982,"Carioca, Serie A2",Soccer,Brazil,1,true,3,false,false,false,0,1,1,2500.0,0.0,4,1.0416666666666667,0.0,0.0,0.0,false,119,204,204,90,155,155,6,8,8,90,155,155,119,204,204,119,204,204,119,204,204,119,204,204,119,204,204
2026-06-20,WinnerBetCongo,3207310,370885982,"Carioca, Serie A2",Soccer,Brazil,1,true,3,true,false,false,0,6,7,9048.809523809523,0.0,34,3.7703373015873023,0.0,0.0,0.0,false,119,204,204,90,155,155,6,8,8,90,155,155,119,204,204,119,204,204,119,204,204,119,204,204,119,204,204
2026-06-20,WinnerBetCongo,3270310,370885982,"Carioca, Serie A2",Soccer,Brazil,1,true,3,false,false,false,0,1,1,500.0,18483.096085409252,4,0.20833333333333334,7.7012900355871885,69250.0,28.854166666666668,false,119,204,204,90,155,155,1,1,1,90,155,155,119,204,204,119,204,204,119,204,204,119,204,204,119,204,204
2026-06-20,WinnerBetCongo,3569310,370885982,"Carioca, Serie A2",Soccer,Brazil,1,true,3,true,false,false,0,1,1,400.0,0.0,5,0.16666666666666666,0.0,0.0,0.0,false,119,204,204,90,155,155,3,3,3,90,155,155,119,204,204,119,204,204,119,204,204,119,204,204,119,204,204
2026-06-20,WinnerBetCongo,3569310,371001004,"Chinese Super League, Women",Soccer,China,1,true,3,true,false,false,0,2,2,538.961038961039,0.0,25,0.22456709956709958,0.0,0.0,0.0,false,119,204,204,41,49,49,3,3,3,41,49,49,119,204,204,119,204,204,119,204,204,119,204,204,119,204,204
2026-06-20,WinnerBetCongo,3570310,370885982,"Carioca, Serie A2",Soccer,Brazil,1,true,3,false,false,false,0,1,1,750.0,0.0,4,0.3125,0.0,0.0,0.0,false,119,204,204,90,155,155,3,3,3,90,155,155,119,204,204,119,204,204,119,204,204,119,204,204,119,204,204
2026-06-20,WinnerBetCongo,3570310,371001004,"Chinese Super League, Women",Soccer,China,1,true,3,true,false,false,0,2,2,661.9047619047619,0.0,13,0.27579365079365076,0.0,0.0,0.0,false,119,204,204,41,49,49,3,3,3,41,49,49,119,204,204,119,204,204,119,204,204,119,204,204,119,204,204
2026-06-20,WinnerBetCongo,3582310,370885982,"Carioca, Serie A2",Soccer,Brazil,1,true,3,false,false,false,0,1,1,1250.0,0.0,4,0.5208333333333334,0.0,0.0,0.0,false,119,204,204,90,155,155,1,1,1,90,155,155,119,204,204,119,204,204,119,204,204,119,204,204,119,204,204
2026-06-20,WinnerBetCongo,399991310,370885982,"Carioca, Serie A2",Soccer,Brazil,1,true,3,false,false,false,0,35,55,40136.42583470169,12325.0,319,16.723510764459036,5.135416666666667,24650.0,10.270833333333334,false,119,204,204,90,155,155,58,96,96,90,155,155,119,204,204,119,204,204,119,204,204,119,204,204,119,204,204
2026-06-20,WinnerBetCongo,399991310,370885982,"Carioca, Serie A2",Soccer,Brazil,1,true,3,true,false,false,0,36,41,28861.904761904767,0.0,250,12.025793650793654,0.0,750.0,0.3125,false,119,204,204,90,155,155,58,96,96,90,155,155,119,204,204,119,204,204,119,204,204,119,204,204,119,204,204
2026-06-24,GsbTanzania,356310,367903736,Queensland Premier League 1,Soccer,Australia,1,true,12,false,false,false,0,1,1,2.5,0.0,40,0.0009568608839098101,0.0,0.0,0.0,false,1,1,1,1,1,1,1,1,1,1,1,1,1,1,1,1,1,1,1,1,1,1,1,1,1,1,1
2026-06-24,GsbZambia,3203200,372299158,Czech Liga Pro,Table tennis,Czech Republic,1,true,4,false,false,false,0,1,1,0.02631578947368421,0.0,38,0.0014403825656094259,0.0,0.0,0.0,true,1,1,1,1,1,1,1,1,1,1,1,1,1,1,1,1,1,1,1,1,1,1,1,1,1,1,1
2026-07-11,WinnerBetCongo,32311,367091410,Veikkausliiga,Soccer,Finland,2,true,3,false,false,false,0,1,1,100.0,20.58823529411765,3,0.041666666666666664,0.00857843137254902,350.0,0.14583333333333334,false,98,106,106,54,59,59,37,40,40,54,59,59,98,106,106,98,106,106,98,106,106,98,106,106,98,106,106
2026-07-11,WinnerBetCongo,32311,367091410,Veikkausliiga,Soccer,Finland,2,true,4,false,false,false,0,23,24,16738.557063851178,19944.784387208652,190,6.974398776604661,8.310326828003607,200828.57,83.67857083333334,false,98,106,106,54,59,59,37,40,40,54,59,59,98,106,106,98,106,106,98,106,106,98,106,106,98,106,106
2026-07-11,WinnerBetCongo,32311,367690984,NSW NPL 1,Soccer,Australia,2,true,3,true,false,false,0,1,1,166.66666666666666,85.41300527240773,6,0.06944444444444443,0.035588752196836555,300.0,0.125,false,98,106,106,44,47,47,37,40,40,44,47,47,98,106,106,98,106,106,98,106,106,98,106,106,98,106,106
2026-07-11,WinnerBetCongo,32311,367690984,NSW NPL 1,Soccer,Australia,2,true,4,false,false,false,0,12,14,6252.384682539683,43463.986072227795,91,2.6051602843915345,18.10999419676159,87695.76999999999,36.539904166666666,false,98,106,106,44,47,47,37,40,40,44,47,47,98,106,106,98,106,106,98,106,106,98,106,106,98,106,106
2026-07-11,WinnerBetCongo,35311,367091410,Veikkausliiga,Soccer,Finland,2,true,4,false,false,false,0,8,8,35770.666666666664,41537.44320512819,34,14.904444444444445,17.307268002136745,82876.33,34.53180416666666,false,98,106,106,54,59,59,25,25,25,54,59,59,98,106,106,98,106,106,98,106,106,98,106,106,98,106,106
2026-07-11,WinnerBetCongo,35311,367091410,Veikkausliiga,Soccer,Finland,2,true,3,false,false,false,0,2,2,750.0,2094.0476190476193,10,0.3125,0.8725198412698413,9200.0,3.833333333333333,false,98,106,106,54,59,59,25,25,25,54,59,59,98,106,106,98,106,106,98,106,106,98,106,106,98,106,106
2026-07-11,WinnerBetCongo,35311,367091410,Veikkausliiga,Soccer,Finland,2,true,2,true,false,false,0,1,1,166.66666666666666,269.7095435684647,3,0.06944444444444443,0.1123789764868603,1300.0,0.5416666666666666,false,98,106,106,54,59,59,25,25,25,54,59,59,98,106,106,98,106,106,98,106,106,98,106,106,98,106,106
2026-07-11,WinnerBetCongo,35311,367690984,NSW NPL 1,Soccer,Australia,2,true,6,false,false,false,0,1,1,23.846153846153847,16.02973134328358,13,0.009935897435897435,0.006679054726368158,157.94,0.06580833333333333,false,98,106,106,44,47,47,25,25,25,44,47,47,98,106,106,98,106,106,98,106,106,98,106,106,98,106,106
2026-07-11,WinnerBetCongo,35311,367690984,NSW NPL 1,Soccer,Australia,2,true,4,false,false,false,0,12,12,16988.095238095237,39954.871984015794,48,7.078373015873016,16.64786332667325,93117.67,38.79902916666667,false,98,106,106,44,47,47,25,25,25,44,47,47,98,106,106,98,106,106,98,106,106,98,106,106,98,106,106
2026-07-11,WinnerBetCongo,35311,367690984,NSW NPL 1,Soccer,Australia,2,true,3,false,false,false,0,1,1,100.0,37.058823529411804,5,0.041666666666666664,0.015441176470588252,1050.0,0.4375,false,98,106,106,44,47,47,25,25,25,44,47,47,98,106,106,98,106,106,98,106,106,98,106,106,98,106,106
2026-07-11,WinnerBetCongo,364311,367091410,Veikkausliiga,Soccer,Finland,2,true,4,false,false,false,0,1,1,900.0,735.7142857142857,5,0.375,0.306547619047619,5150.0,2.1458333333333335,false,98,106,106,54,59,59,1,1,1,54,59,59,98,106,106,98,106,106,98,106,106,98,106,106,98,106,106
2026-07-11,WinnerBetCongo,3613311,367091410,Veikkausliiga,Soccer,Finland,2,true,4,false,false,false,0,1,1,1000.0,0.0,2,0.4166666666666667,0.0,0.0,0.0,false,98,106,106,54,59,59,1,1,1,54,59,59,98,106,106,98,106,106,98,106,106,98,106,106,98,106,106
2026-07-11,WinnerBetCongo,3622311,367091410,Veikkausliiga,Soccer,Finland,2,true,4,false,false,false,0,2,2,131.25,105.32538071100095,22,0.0546875,0.043885575296250395,421.92,0.1758,false,98,106,106,54,59,59,2,2,2,54,59,59,98,106,106,98,106,106,98,106,106,98,106,106,98,106,106
2026-07-11,WinnerBetCongo,3721311,367091410,Veikkausliiga,Soccer,Finland,2,true,4,false,false,false,0,1,1,1250.0,212.8116666666667,4,0.5208333333333334,0.08867152777777779,655.69,0.2732041666666667,false,98,106,106,54,59,59,1,1,1,54,59,59,98,106,106,98,106,106,98,106,106,98,106,106,98,106,106
2026-07-11,WinnerBetCongo,3827311,367690984,NSW NPL 1,Soccer,Australia,2,true,4,false,false,false,0,1,1,1000.0,1400.0,1,0.4166666666666667,0.5833333333333334,1400.0,0.5833333333333334,false,98,106,106,44,47,47,1,1,1,44,47,47,98,106,106,98,106,106,98,106,106,98,106,106,98,106,106
2026-07-11,WinnerBetCongo,3830311,367091410,Veikkausliiga,Soccer,Finland,2,true,3,false,false,false,0,1,1,50.0,327.8145695364238,6,0.020833333333333332,0.1365894039735099,1100.0,0.4583333333333333,false,98,106,106,54,59,59,11,12,12,54,59,59,98,106,106,98,106,106,98,106,106,98,106,106,98,106,106
2026-07-11,WinnerBetCongo,3830311,367091410,Veikkausliiga,Soccer,Finland,2,true,4,false,false,false,0,3,4,3542.8571428571427,5322.35976706002,20,1.4761904761904763,2.217649902941675,13272.01,5.530004166666667,false,98,106,106,54,59,59,11,12,12,54,59,59,98,106,106,98,106,106,98,106,106,98,106,106,98,106,106
2026-07-11,WinnerBetCongo,3830311,367690984,NSW NPL 1,Soccer,Australia,2,true,4,false,false,false,0,6,6,13476.190476190475,44066.33118104327,26,5.615079365079366,18.360971325434697,121257.11,50.52379583333333,false,98,106,106,44,47,47,11,12,12,44,47,47,98,106,106,98,106,106,98,106,106,98,106,106,98,106,106
2026-07-11,WinnerBetCongo,3830311,367690984,NSW NPL 1,Soccer,Australia,2,true,3,true,false,false,0,1,1,55.55555555555556,22904.458598726116,9,0.02314814814814815,9.543524416135881,124000.0,51.666666666666664,false,98,106,106,44,47,47,11,12,12,44,47,47,98,106,106,98,106,106,98,106,106,98,106,106,98,106,106
2026-07-11,WinnerBetCongo,38119311,367091410,Veikkausliiga,Soccer,Finland,2,true,3,false,false,false,0,1,1,250.0,0.0,4,0.10416666666666667,0.0,300.0,0.125,false,98,106,106,54,59,59,17,18,18,54,59,59,98,106,106,98,106,106,98,106,106,98,106,106,98,106,106
2026-07-11,WinnerBetCongo,38119311,367091410,Veikkausliiga,Soccer,Finland,2,true,2,false,false,false,0,1,2,2750.0,4264.683899096854,6,1.1458333333333335,1.7769516246236892,12400.0,5.166666666666667,false,98,106,106,54,59,59,17,18,18,54,59,59,98,106,106,98,106,106,98,106,106,98,106,106,98,106,106
2026-07-11,WinnerBetCongo,38119311,367091410,Veikkausliiga,Soccer,Finland,2,true,4,false,false,false,0,6,6,6396.428571428572,8313.836477987421,24,2.665178571428571,3.4640985324947584,16050.0,6.687500000000001,false,98,106,106,54,59,59,17,18,18,54,59,59,98,106,106,98,106,106,98,106,106,98,106,106,98,106,106
2026-07-11,WinnerBetCongo,38119311,367690984,NSW NPL 1,Soccer,Australia,2,true,3,true,false,false,0,2,2,453333.3333333333,662204.794520548,4,188.88888888888889,275.91866438356163,681450.0,283.9375,false,98,106,106,44,47,47,17,18,18,44,47,47,98,106,106,98,106,106,98,106,106,98,106,106,98,106,106
2026-07-11,WinnerBetCongo,38119311,367690984,NSW NPL 1,Soccer,Australia,2,true,4,false,false,false,0,7,7,13138.88888888889,49236.43686730808,37,5.474537037037038,20.51518202804504,142466.25,59.3609375,false,98,106,106,44,47,47,17,18,18,44,47,47,98,106,106,98,106,106,98,106,106,98,106,106,98,106,106
2026-07-11,WinnerBetCongo,38142311,367091410,Veikkausliiga,Soccer,Finland,2,true,4,false,false,false,0,3,3,46633.333333333336,25220.43304347826,5,19.430555555555557,10.508513768115941,35096.520000000004,14.62355,false,98,106,106,54,59,59,3,3,3,54,59,59,98,106,106,98,106,106,98,106,106,98,106,106,98,106,106
2026-07-11,WinnerBetCongo,38143311,367091410,Veikkausliiga,Soccer,Finland,2,true,4,false,false,false,0,1,1,30000.0,7171.34,1,12.5,2.9880583333333335,7171.34,2.9880583333333335,false,98,106,106,54,59,59,1,1,1,54,59,59,98,106,106,98,106,106,98,106,106,98,106,106,98,106,106
2026-07-11,WinnerBetCongo,381525311,367690984,NSW NPL 1,Soccer,Australia,2,true,4,false,false,false,0,1,1,125.0,95.74468085106383,4,0.052083333333333336,0.0398936170212766,150.0,0.0625,false,98,106,106,44,47,47,1,1,1,44,47,47,98,106,106,98,106,106,98,106,106,98,106,106,98,106,106
2026-07-13,GsbZambia,310310,371778720,Community Shield,Soccer,England,1,true,4,false,false,false,0,1,1,0.05263157894736842,0.46227137388345374,19,0.0028666437335167984,0.025178179405416872,8.36,0.4553376906318083,true,46,58,59,5,5,5,27,36,36,5,5,5,46,57,58,43,53,54,43,54,55,43,53,54,43,53,54
2026-07-13,GsbZambia,310310,372158340,UEFA Conference League,Soccer,International Clubs,1,true,10,false,false,false,0,3,3,0.2918560606060606,2.2014682184422556,84,0.015896299597279992,0.11990567638574377,51.23,2.790305010893246,true,46,58,59,28,39,39,27,36,36,28,39,39,46,57,58,43,53,54,43,54,55,43,53,54,43,53,54
2026-07-13,GsbZambia,310310,372158340,UEFA Conference League,Soccer,International Clubs,1,true,4,false,false,false,0,18,27,7.083084842163115,12.119289098975838,596,0.38578893475833975,0.6600919988548932,235.29999999999998,12.815904139433549,true,46,58,59,28,39,39,27,36,36,28,39,39,46,57,58,43,53,54,43,54,55,43,53,54,43,53,54
2026-07-13,GsbZambia,310310,372301566,1. Liga,Soccer,Czech,1,true,10,false,false,false,0,1,1,0.06666666666666667,0.0,15,0.0036310820624546117,0.0,0.0,0.0,true,46,58,59,6,6,6,27,36,36,6,6,6,46,57,58,43,53,54,43,54,55,43,53,54,43,53,54
2026-07-13,GsbZambia,310310,372301566,1. Liga,Soccer,Czech,1,true,4,false,false,false,0,3,3,0.7251851851851852,1.1325091042299653,75,0.03949810376825628,0.061683502409039505,12.98,0.7069716775599129,true,46,58,59,6,6,6,27,36,36,6,6,6,46,57,58,43,53,54,43,54,55,43,53,54,43,53,54
2026-07-13,GsbZambia,310310,372748546,Calcutta Premier Div.,Soccer,India,1,true,4,false,false,false,0,1,1,0.5,0.0,4,0.027233115468409588,0.0,0.0,0.0,true,46,58,59,5,5,5,27,36,36,5,5,5,46,57,58,43,53,54,43,54,55,43,53,54,43,53,54
2026-07-13,GsbZambia,343310,372158340,UEFA Conference League,Soccer,International Clubs,1,true,4,false,false,false,0,1,1,1.1111111111111112,0.0,9,0.06051803437424353,0.0,0.0,0.0,true,46,58,59,28,39,39,1,1,1,28,39,39,46,57,58,43,53,54,43,54,55,43,53,54,43,53,54
2026-07-13,GsbZambia,346310,371778720,Community Shield,Soccer,England,1,true,4,false,false,false,0,1,1,1.8181818181818181,2.5817187500000003,22,0.09902951079421668,0.14061648965141615,37.31,2.0321350762527235,true,46,58,59,5,5,5,10,10,10,5,5,5,46,57,58,43,53,54,43,54,55,43,53,54,43,53,54
2026-07-13,GsbZambia,346310,372158340,UEFA Conference League,Soccer,International Clubs,1,true,4,false,true,false,1,1,1,0.125,0.0,40,0.006808278867102397,0.0,0.0,0.0,true,46,58,59,28,39,39,10,10,10,28,39,39,1,1,1,1,1,1,43,54,55,1,1,1,1,1,1
2026-07-13,GsbZambia,346310,372158340,UEFA Conference League,Soccer,International Clubs,1,true,4,false,false,false,0,3,3,0.11299074584788871,0.023528493364558936,122,0.006154180057074549,0.0012815083531894846,1.37,0.07461873638344227,true,46,58,59,28,39,39,10,10,10,28,39,39,46,57,58,43,53,54,43,54,55,43,53,54,43,53,54
2026-07-13,GsbZambia,346310,372301566,1. Liga,Soccer,Czech,1,true,4,false,false,false,0,2,2,0.10997067448680352,0.18592508513053346,141,0.005989688152876009,0.010126638623667401,6.3,0.3431372549019608,true,46,58,59,6,6,6,10,10,10,6,6,6,46,57,58,43,53,54,43,54,55,43,53,54,43,53,54
2026-07-13,GsbZambia,346310,372748546,Calcutta Premier Div.,Soccer,India,1,true,4,false,false,false,0,2,2,0.06264066016504126,0.0,105,0.0034118006625839465,0.0,0.0,0.0,true,46,58,59,5,5,5,10,10,10,5,5,5,46,57,58,43,53,54,43,54,55,43,53,54,43,53,54
2026-07-13,GsbZambia,346310,372748546,Calcutta Premier Div.,Soccer,India,1,true,10,false,false,false,0,1,1,0.014492753623188406,0.0,69,0.0007893656657510025,0.0,0.0,0.0,true,46,58,59,5,5,5,10,10,10,5,5,5,46,57,58,43,53,54,43,54,55,43,53,54,43,53,54
2026-07-13,GsbZambia,356310,371778720,Community Shield,Soccer,England,1,true,4,false,false,false,0,1,1,0.09222222222222222,0.16691833590138672,18,0.005022996853062213,0.009091412630794484,4.71,0.25653594771241833,true,46,58,59,5,5,5,3,3,3,5,5,5,46,57,58,43,53,54,43,54,55,43,53,54,43,53,54
2026-07-13,GsbZambia,356310,372158340,UEFA Conference League,Soccer,International Clubs,1,true,4,false,false,false,0,1,1,0.22727272727272727,0.0,22,0.012378688849277085,0.0,0.0,0.0,true,46,58,59,28,39,39,3,3,3,28,39,39,46,57,58,43,53,54,43,54,55,43,53,54,43,53,54
2026-07-13,GsbZambia,356310,372748546,Calcutta Premier Div.,Soccer,India,1,true,4,false,false,false,0,1,1,0.045454545454545456,0.0,110,0.0024757377698554173,0.0,0.0,0.0,true,46,58,59,5,5,5,3,3,3,5,5,5,46,57,58,43,53,54,43,54,55,43,53,54,43,53,54
2026-07-13,GsbZambia,3284310,372158340,UEFA Conference League,Soccer,International Clubs,1,true,4,false,false,false,0,1,1,0.08333333333333333,0.0717902097902098,12,0.004538852578068265,0.003910142145436263,0.87,0.04738562091503268,true,46,58,59,28,39,39,1,1,1,28,39,39,46,57,58,43,53,54,43,54,55,43,53,54,43,53,54
2026-07-13,GsbZambia,3285310,372158340,UEFA Conference League,Soccer,International Clubs,1,true,4,false,false,false,0,1,1,0.043478260869565216,0.0,46,0.0023680969972530077,0.0,0.0,0.0,true,46,58,59,28,39,39,1,1,1,28,39,39,46,57,58,43,53,54,43,54,55,43,53,54,43,53,54
2026-07-13,GsbZambia,3327310,371778720,Community Shield,Soccer,England,1,true,4,false,false,false,0,2,2,0.1091593567251462,0.05171957671957672,167,0.005945498732306438,0.0028169704095630022,4.6,0.25054466230936817,true,46,58,59,5,5,5,2,2,2,5,5,5,46,57,58,43,53,54,43,54,55,43,53,54,43,53,54
2026-07-13,GsbZambia,30131371,372777040,GT Leagues,eSoccer,GT Sports League,2,true,4,false,false,false,0,2,2,15.142857142857142,47.57,8,0.8247743541861189,2.590958605664488,47.57,2.590958605664488,true,46,58,59,3,4,4,2,2,2,2,2,2,46,57,58,3,4,4,3,4,4,3,4,4,3,4,4
2026-07-13,GsbZambia,301031371,372777922,GT Leagues,eSoccer,GT Sports League,2,true,4,false,false,false,0,1,2,4.0,4.45,2,0.2178649237472767,0.24237472766884532,4.45,0.24237472766884532,true,46,58,59,3,4,4,1,2,2,1,2,2,46,57,58,3,4,4,3,4,4,3,4,4,3,4,4
2026-07-13,GsbZambia,399992310,372158340,UEFA Conference League,Soccer,International Clubs,1,true,4,false,false,false,0,1,1,0.05263157894736842,0.0,19,0.0028666437335167984,0.0,0.0,0.0,true,46,58,59,28,39,39,1,1,1,28,39,39,46,57,58,43,53,54,43,54,55,43,53,54,43,53,54
